Proposal ID,score_differences,whale_vp_proportion,total_vp,outcome_changed,outcome_old,outcome_new
0x4a478d34c61ac0fbb8b68bb7f144a44a285f159c0ae2315f4d0e449bbe81ede4,"[512113.96805231133, 50.010000000019105, 2944.507267213556]",0.9995851311513602,515322.276479046,False,Restructure as outlined,Restructure as outlined
0x02ada853586a9fa9b8917952aa88c4dea2cd935d4282b9bf6edaa39301d8ec98,"[324039.9073142041, 2051.898743986464, 6263.74712698519]",0.98770768314142,336491.817222798,False,add VRR and halt redemption,add VRR and halt redemption
0xd22f9ab2536efd9b777c83267838cc3968635fff84eea6af92772f75b483e64d,"[1100000.5232229177, 0.0, 0.0]",0.9025574967731701,1218759.499705722,True,agree with this term and proceed,re-evaluate the term
0x128bc7351ba71002e4adade7fb4075cdde7e43ec03c3abb782464d7e75dcd6e6,"[210000.0, 0, 0]",0.817738339919636,256805.862888412,False,For Unvested Token Swap,For Unvested Token Swap
0xe36d551482b09146ce84f001a3b45510bc75445b5c22593f28643856cbb9adff,"[1000000.5232229178, 0.0, 0]",0.810129413148769,1234371.332521020,False,"Yes, engage Risk DAO","Yes, engage Risk DAO"
0xec88562c9c948d9e565468b4cd67628030221a10e77e28542ac6c6a8212e5102,"[25799.584950033095, 0]",0.6637467154736416,38869.623530450,False,For,For
0x5887b4d9ca353bb8af8e73518299f2d602a3e9b5e5de42e1ac3b3892d1834720,"[121483.9687734397, 908.4884550991846, 4.655413076118293]",0.2819217493297095,434152.785064024,False,Remove GMX performance fee,Remove GMX performance fee
0x938268e18067861a530c1e6d8f087baa2bfd7b743f7c2febc7c243cfd4fc125d,"[21469.97134081577, 12.579999999999956, 14.929760943856735]",0.07880736402585811,272785.181530826,False,For,For
